<?xml version="1.0" encoding="UTF-8" standalone="yes"?>
<addon id="service.thoradia-vpn"
       name="Thoradia VPN Network Interface"
       version="9.80.9.4"
       provider-name="thoradia">
  <requires>
    <import addon="xbmc.python" version="3.0.0"/>

  </requires>
  <extension point="xbmc.service" library="default.py">
    <provides></provides>
  </extension>
  <extension point="xbmc.addon.metadata">
    <summary>Thoradia VPN Network Interface: a virtual private network interface</summary>
    <description>
Thoradia VPN Network Interface (4) provides the thoradia-vpn network interface to which applications can bind. The system continues using unmodified network configuration whereas applications bound to the thoradia-vpn network interface connect to the VPN. Thoradia VPN Network Interface is compatible with VPN Manager for OpenVPN.
    </description>
    <disclaimer>
Keep it legal and carry on
    </disclaimer>
    <platform>all</platform>
    <news>
- Thoradia VPN interface version 4
    </news>
    <assets>
      <icon>resources/icon.png</icon>
      <fanart>resources/fanart.png</fanart>

    </assets>
  </extension>
</addon>
