<?xml version="1.0" encoding="UTF-8" standalone="yes"?>
<addon id="service.nzbhydra"
       name="NZBHydra"
       version="9.1.2"
       provider-name="thoradia">
  <requires>
    <import addon="xbmc.python" version="2.1.0"/>

  </requires>
  <extension point="xbmc.service" library="default.py">
    <provides></provides>
  </extension>
  <extension point="xbmc.addon.metadata">
    <summary>NZBHydra: meta search for NZB indexers </summary>
    <description>
NZBHydra (0.2.233) is a meta search for NZB indexers. It provides easy access to a number of raw and newznab based indexers. You can search all your indexers from one place and use it as indexer source for tools like Sonarr or CouchPotato.
    </description>
    <disclaimer>
Keep it legal and carry on
    </disclaimer>
    <platform>all</platform>
    <news>
2
- Update to 0.2.233

1
- Initial add-on
    </news>
    <assets>
      <icon>resources/icon.png</icon>
      <fanart>resources/fanart.png</fanart>

    </assets>
  </extension>
</addon>
