<?xml version="1.0" encoding="UTF-8" standalone="yes"?>
<addon id="service.radarr"
       name="Radarr"
       version="9.0.23"
       provider-name="thoradia">
  <requires>
    <import addon="os.libreelec.tv" version="9.0"/>
    <import addon="xbmc.python" version="2.1.0"/>

    <import addon="virtual.thoradia-mono" version="0.0.0" />
  </requires>
  <extension point="xbmc.service" library="default.py">
    <provides></provides>
  </extension>
  <extension point="xbmc.addon.metadata">
    <summary>Radarr: a fork of Sonarr to work with movies à la CouchPotato</summary>
    <description>
Radarr (0.2.0.1344) is a fork of Sonarr to work with movies à la CouchPotato.
    </description>
    <disclaimer>
Keep it legal and carry on
    </disclaimer>
    <platform>all</platform>
    <news>
23
- Update to 0.2.0.1344
- Remove MemoryMax (enable swap yourself)

22
- Update to 0.2.0.1293
- Restrict memory usage

21
- Start after Kodi and Mono
- Cosmetic changes

20
- Update to 0.2.0.1217

19
- Update to 0.2.0.995

18
- Update to 0.2.0.980

17
- Update to 0.2.0.870

16
- Update to 0.2.0.852

15
- Update to 0.2.0.778

14
- Rebuild

13
- Fix priority setting

12
- Fix priority setting

11
- Add priority setting

10
- Update to 0.2.0.696

9
- Update to 0.2.0.654

8
- Move thoradia-libmediainfo to virtual.thoradia-mono

7
- Update to 0.2.0.596

6
- Update thoradia-libmediainfo to 0.7.94

5
- Update to 0.2.0.535

4
- Update to 0.2.0.375

3
- Update to 0.2.0.238

2
- Service after/requires multi-user.target network-online.target

1
- Initial add-on
    </news>
    <assets>
      <icon>resources/icon.png</icon>
      <fanart>resources/fanart.png</fanart>

    </assets>
  </extension>
</addon>
