<?xml version="1.0" encoding="UTF-8" standalone="yes"?>
<addon id="service.sabnzbd"
       name="SABnzbd"
       version="9.80.1.35"
       provider-name="thoradia">
  <requires>
    <import addon="os.libreelec.tv" version="9.80"/>
    <import addon="xbmc.python" version="2.1.0"/>

    <import addon="service.locale" version="0.0.0" />
  </requires>
  <extension point="xbmc.service" library="default.py">
    <provides></provides>
  </extension>
  <extension point="xbmc.addon.metadata">
    <summary>SABnzbd: free and easy binary newsreader</summary>
    <description>
SABnzbd (2.3.9) is a program to download binary files from Usenet servers.
    </description>
    <disclaimer>
Keep it legal and carry on
    </disclaimer>
    <platform>all</platform>
    <news>
35
- Update to 2.3.9

34
- Update to 2.3.8

33
- Update to 2.3.7

32
- Update to 2.3.6

31
- Update to 2.3.5

30
- Update to 2.3.4

29
- Update to 2.3.3

28
- Update to 2.3.2

27
- Fix nice
- Rework Python

26
- Simplify PYTHONPATH

25
- Rebuild

24
- Rework Python dependencies

23
- Update to 2.3.1
- Update Python dependencies

22
- Update to 2.3.0

21
- Add six

20
- Update to 2.2.1

19
- Update to 2.2.0
- Update Python dependencies

18
- Update to 2.1.0

17
- Add priority setting

16
- Rebuild

15
- Update to 2.0.1
- Requires service.locale instead of virtual.thoradia-locale

14
- Add a locale

13
- Update to 2.0.0

12
- Update Python dependencies

11
- Fix reported version

10
- Update to 1.2.3

9
- Update to 1.2.2

8
- Update to 1.2.1

7
- Service after/requires multi-user.target network-online.target

6
- Remove strip_lto

5
- Update Python dependencies

4
- Rebuild

3
- Update to 1.1.1

2
- Remove add-on repository

1
- Initial add-on
    </news>
    <assets>
      <icon>resources/icon.png</icon>
      <fanart>resources/fanart.png</fanart>

    </assets>
  </extension>
</addon>
