<?xml version="1.0" encoding="UTF-8" standalone="yes"?>
<addon id="service.transmission"
       name="Transmission"
       version="9.0.14"
       provider-name="thoradia">
  <requires>
    <import addon="os.libreelec.tv" version="9.0"/>
    <import addon="xbmc.python" version="2.1.0"/>

  </requires>
  <extension point="xbmc.service" library="default.py">
    <provides></provides>
  </extension>
  <extension point="xbmc.addon.metadata">
    <summary>Transmission: a fast, easy and free BitTorrent client</summary>
    <description>
Transmission (2.92) is a fast, easy and free BitTorrent client.
    </description>
    <disclaimer>
Keep it legal and carry on
    </disclaimer>
    <platform>all</platform>
    <news>
14
- Rework package

13
- Build against static libcurl 7.54.0

12
- Add priority setting

11
- Rebuild

10
- Update libevent to 2.1.8-stable

9
- Rebuild

8
- Service after/requires multi-user.target network-online.target

7
- Re-enable spaces in settings, in particular in incomplete path

6
- Provide for custom initialisation script

5
- Remove add-on repository

4
- Optional incomplete-dir

3
- Disable lightweight
- Rework settings

2
- Edit disclaimer

1
- Initial add-on
    </news>
    <assets>
      <icon>resources/icon.png</icon>
      <fanart>resources/fanart.png</fanart>

    </assets>
  </extension>
</addon>
