<?xml version="1.0" encoding="UTF-8" standalone="yes"?>
<addon id="service.locale"
       name="Locale"
       version="8.1.1"
       provider-name="libreelec.tv">
  <requires>
    <import addon="os.libreelec.tv" version="8.0"/>
    <import addon="xbmc.python" version="2.1.0"/>

  </requires>
  <extension point="xbmc.service" library="default.py">
    <provides></provides>
  </extension>
  <extension point="xbmc.addon.metadata">
    <summary>Locale: allows users to set a custom locale to override the POSIX default</summary>
    <description>
Locale (1) allows users to set a custom locale in the OS to override the POSIX default
    </description>
    <disclaimer>

    </disclaimer>
    <platform>all</platform>
    <news>
1:
- Initial add-on
    </news>
    <assets>
      <icon>resources/icon.png</icon>
      <fanart>resources/fanart.png</fanart>

    </assets>
  </extension>
</addon>
