<?xml version="1.0" encoding="UTF-8" standalone="yes"?>
<addon id="service.flexget"
       name="FlexGet"
       version="9.1.901.11"
       provider-name="thoradia">
  <requires>
    <import addon="os.libreelec.tv" version="9.1"/>
    <import addon="xbmc.python" version="2.1.0"/>

  </requires>
  <extension point="xbmc.service" library="default.py">
    <provides></provides>
  </extension>
  <extension point="xbmc.addon.metadata">
    <summary>FlexGet: automate downloading or processing content from different sources</summary>
    <description>
FlexGet (2.17.22) is a program aimed to automate downloading or processing content (torrents, podcasts, etc.) from different sources like RSS-feeds, html-pages, various sites and more.
    </description>
    <disclaimer>
Keep it legal and carry on
    </disclaimer>
    <platform>all</platform>
    <news>
11
- Fix package

10
- Add deluge-client

9
- Update to 2.17.22

8
- Update to 2.14.17
- Add python-telegram-bot

7
- Update to 2.13.0

6
- Update to 2.12.10

5
- Update to 2.12.7
- Add deluge
- Add mechanize
- Fix flexget.ctl

4
- Update to 2.11.9
- Add transmissionrpc

3
- Update to 2.11.6
- Rework Python

2
- Fix default config.yml

1
- Initial add-on
    </news>
    <assets>
      <icon>resources/icon.png</icon>
      <fanart>resources/fanart.png</fanart>

    </assets>
  </extension>
</addon>
