<?xml version="1.0" encoding="UTF-8" standalone="yes"?>
<addon id="service.webgrabplus"
       name="WebGrab+Plus"
       version="9.2.115"
       provider-name="thoradia">
  <requires>
    <import addon="xbmc.python" version="2.1.0"/>

    <import addon="tools.mono" version="0.0.0" />
  </requires>
  <extension point="xbmc.service" library="default.py">
    <provides></provides>
  </extension>
  <extension point="xbmc.addon.metadata">
    <summary>WebGrab+Plus: a multi-site incremental xmltv epg grabber</summary>
    <description>
WebGrab+Plus (3.1) collects tv-program guide data from selected tvguide sites for your favourite channels.
    </description>
    <disclaimer>
Keep it legal and carry on
    </disclaimer>
    <platform>all</platform>
    <news>
- WebGrab+Plus version 3.1
    </news>
    <assets>
      <icon>resources/icon.png</icon>
      <fanart>resources/fanart.png</fanart>

    </assets>
  </extension>
</addon>
