<?xml version="1.0" encoding="UTF-8" standalone="yes"?>
<addon id="tools.mono"
       name="Mono"
       version="9.1.112"
       provider-name="thoradia">
  <requires>
    <import addon="xbmc.python" version="2.1.0"/>

  </requires>
  <extension point="xbmc.service" library="default.py">
    <provides></provides>
  </extension>
  <extension point="xbmc.addon.metadata">
    <summary>Mono: a cross platform, open source .NET framework</summary>
    <description>
Mono (5.14.0.177) is a software platform designed to allow developers to easily create cross platform applications part of the .NET Foundation
    </description>
    <disclaimer>

    </disclaimer>
    <platform>all</platform>
    <news>
112
- Update to 5.14.0.177
- Build libgdiplus static
- Use an installer to reduce add-on size and installation time

111
- Update to 5.8.1.0

110
- Update to 5.8.0.108

109
- Update to 5.4.1.6

108
- Update to 5.4.0.201

107
- Update to 5.2.0.224

106
- Update to 5.2.0.215

105
- Update to 5.0.1.1

104
- Update to 5.0.0.100

103
- Update to 4.8.1.0

102
- Update to 4.8.0.495

101
- Update to 4.2.1.102
- Build static for all projects and architectures
- Remove uneeded binaries and libraries

100
- Initial release
    </news>
    <assets>
      <icon>resources/icon.png</icon>
      <fanart>resources/fanart.png</fanart>

    </assets>
  </extension>
</addon>
