<?xml version="1.0" encoding="UTF-8" standalone="yes"?>
<addon id="service.couchpotato"
       name="CouchPotato"
       version="9.1.901.22"
       provider-name="thoradia">
  <requires>
    <import addon="os.libreelec.tv" version="9.1"/>
    <import addon="xbmc.python" version="2.1.0"/>

  </requires>
  <extension point="xbmc.service" library="default.py">
    <provides></provides>
  </extension>
  <extension point="xbmc.addon.metadata">
    <summary>CouchPotato: automatic movie downloading via Usenet and BitTorrent</summary>
    <description>
CouchPotato (12ca4c22680961346e0aa2617941bf1a7252fc67) downloads movies automatically, easily and in the best quality as soon as they are available.
    </description>
    <disclaimer>
Keep it legal and carry on
    </disclaimer>
    <platform>all</platform>
    <news>
22
- Update to 12ca4c2

21
- Fix nice
- Rework Python

20
- Rebuild

19
- Update Python dependencies

18
- Update Python dependencies

17
- Update to 0a97ed5

16
- Update to 05b7cab

15
- Rebuild

14
- Update to ec42591

13
- Add priority setting

12
- Update python dependencies

11
- Update to 711310d

10
- Service after/requires multi-user.target network-online.target

9
- Remove strip_lto

8
- Reinstate *.pyo files, required for LXML and SSL

7
- Remove *.pyo files to prevent segfaults on aarch64

6
- Update python dependencies

5
- Update to b538f9a

4
- Rebuild

3
- Update to 405779047035723bd015fdd51b19379884f53b36

2
- Remove add-on repository

1
- Initial add-on
    </news>
    <assets>
      <icon>resources/icon.png</icon>
      <fanart>resources/fanart.png</fanart>

    </assets>
  </extension>
</addon>
