<?xml version="1.0" encoding="UTF-8" standalone="yes"?>
<addon id="service.sabnzbd"
       name="SABnzbd"
       version="7.0.2"
       provider-name="thoradia">
  <requires>
    <import addon="os.libreelec.tv" version="7.0"/>
    <import addon="xbmc.python" version="2.1.0"/>

  </requires>
  <extension point="xbmc.service" library="default.py">
    <provides></provides>
  </extension>
  <extension point="xbmc.addon.metadata">
    <summary>SABnzbd: free and easy binary newsreader</summary>
    <description>
SABnzbd (1.1.0) is a program to download binary files from Usenet servers.
    </description>
    <disclaimer>
Keep it legal and carry on
    </disclaimer>
    <platform>all</platform>
  </extension>
</addon>
