<?xml version="1.0" encoding="UTF-8" standalone="yes"?>
<addon id="service.nordvpn"
       name="NordVPN"
       version="9.2.12"
       provider-name="thoradia">
  <requires>
    <import addon="os.libreelec.tv" version="9.2"/>
    <import addon="xbmc.python" version="2.1.0"/>

  </requires>
  <extension point="xbmc.service" library="default.py">
    <provides></provides>
  </extension>
  <extension point="xbmc.python.script" library="addon.py">
    <provides>executable</provides>
  </extension>
  <extension point="xbmc.addon.metadata">
    <summary>NordVPN: protect your privacy online and access media content with no regional restrictions</summary>
    <description>
NordVPN (3.8.7) protects your privacy online and access media content with no regional restrictions, strong encryption and no-log policy with 3000+ servers in 60+ countries.
    </description>
    <disclaimer>
Keep it legal and carry on
    </disclaimer>
    <platform>all</platform>
    <news>
- nordvpn version 3.8.7
    </news>
    <assets>
      <icon>resources/icon.png</icon>
      <fanart>resources/fanart.png</fanart>

    </assets>
  </extension>
</addon>
