<?xml version="1.0" encoding="UTF-8" standalone="yes"?>
<addon id="service.lidarr"
       name="Lidarr"
       version="9.0.5"
       provider-name="thoradia">
  <requires>
    <import addon="xbmc.python" version="2.1.0"/>

    <import addon="virtual.thoradia-mono" version="0.0.0" />
  </requires>
  <extension point="xbmc.service" library="default.py">
    <provides></provides>
  </extension>
  <extension point="xbmc.addon.metadata">
    <summary>Lidarr: a music collection manager for Usenet and BitTorrent users</summary>
    <description>
Lidarr (0.2.0.371) is a music collection manager for Usenet and BitTorrent users. It can monitor multiple RSS feeds for new tracks from your favorite artists and will grab, sort and rename them. It can also be configured to automatically upgrade the quality of files already downloaded when a better quality format becomes available.
    </description>
    <disclaimer>
Keep it legal and carry on
    </disclaimer>
    <platform>all</platform>
    <news>
5
- Update to 0.2.0.371

4
- Update to 0.2.0.291

3
- Update to 0.2.0.289

2
- Update to 0.2.0.286

1
- Initial add-on
    </news>
    <assets>
      <icon>resources/icon.png</icon>
      <fanart>resources/fanart.png</fanart>

    </assets>
  </extension>
</addon>
