<?xml version="1.0" encoding="UTF-8" standalone="yes"?>
<addon id="service.qbittorrent"
       name="qBittorrent"
       version="8.1.2"
       provider-name="thoradia">
  <requires>
    <import addon="os.libreelec.tv" version="8.0"/>
    <import addon="xbmc.python" version="2.1.0"/>

  </requires>
  <extension point="xbmc.service" library="default.py">
    <provides></provides>
  </extension>
  <extension point="xbmc.addon.metadata">
    <summary>qBittorrent: efficient feature complete C++ bittorrent implementation</summary>
    <description>
qBittorrent (3.3.12) is an efficient feature complete C++ bittorrent implementation
    </description>
    <disclaimer>
Keep it legal and carry on
    </disclaimer>
    <platform>all</platform>
    <news>
2:
- Build against qt-everywhere 5.8.0

1:
- Initial add-on
    </news>
    <assets>
      <icon>resources/icon.png</icon>
      <fanart>resources/fanart.png</fanart>

    </assets>
  </extension>
</addon>
