<?xml version="1.0" encoding="UTF-8" standalone="yes"?>
<addon id="service.qbittorrent"
       name="qBittorrent"
       version="9.0.14"
       provider-name="thoradia">
  <requires>
    <import addon="os.libreelec.tv" version="9.0"/>
    <import addon="xbmc.python" version="2.1.0"/>

  </requires>
  <extension point="xbmc.service" library="default.py">
    <provides></provides>
  </extension>
  <extension point="xbmc.addon.metadata">
    <summary>qBittorrent: efficient feature complete C++ bittorrent implementation</summary>
    <description>
qBittorrent (4.1.1) is an efficient feature complete C++ bittorrent implementation.
    </description>
    <disclaimer>
Keep it legal and carry on
    </disclaimer>
    <platform>all</platform>
    <news>
14
- Update to 4.1.1

13
- Update t0 4.1.0
- Update libtorrent-rasterbar to 1.1.7

12
- Update to 4.0.4
- Update qt-everywehere to 5.10.1

11
- Update to 4.0.3
- Update boost to 1.66.0
- Update libtorrent-rasterbar to 1.1.6
- Update qt-everywehere to 5.10.0
- Use own libtorrent-rasterbar

10
- Update libtorrent-rasterbar to 1.1.5
- Update qt-everywhere to 5.9.2

9
- Update to 3.3.16

8
- Update to 3.3.15

7
- Update to 3.3.14

6
- Update libtorrent-rasterbar to 1.1.4
- Update qt-everywhere to 5.9.1

5
- Fix qbittorrent.start
- Build against qt-everywhere 5.9.0

4
- Update to 3.3.13

3
- Add priority setting

2
- Build against qt-everywhere 5.8.0

1
- Initial add-on
    </news>
    <assets>
      <icon>resources/icon.png</icon>
      <fanart>resources/fanart.png</fanart>

    </assets>
  </extension>
</addon>
