<?xml version="1.0" encoding="UTF-8" standalone="yes"?>
<addon id="service.sickrage"
       name="SickRage"
       version="7.0.9"
       provider-name="thoradia">
  <requires>
    <import addon="os.libreelec.tv" version="7.0"/>
    <import addon="xbmc.python" version="2.1.0"/>

  </requires>
  <extension point="xbmc.service" library="default.py">
    <provides></provides>
  </extension>
  <extension point="xbmc.addon.metadata">
    <summary>SickRage: automatic video library manager for TV shows</summary>
    <description>
SickRage (2017.01.10-1) watches for new episodes of your favorite shows, and when they are posted it does its magic
    </description>
    <disclaimer>
Keep it legal and carry on
    </disclaimer>
    <platform>all</platform>
  </extension>
</addon>
