<?xml version="1.0" encoding="UTF-8" standalone="yes"?>
<addon id="service.radarr"
       name="Radarr"
       version="8.1.7"
       provider-name="thoradia">
  <requires>
    <import addon="os.libreelec.tv" version="8.0"/>
    <import addon="xbmc.python" version="2.1.0"/>

    <import addon="tools.mono" version="0.0.0" />
  </requires>
  <extension point="xbmc.service" library="default.py">
    <provides></provides>
  </extension>
  <extension point="xbmc.addon.metadata">
    <summary>Radarr: a fork of Sonarr to work with movies à la CouchPotato</summary>
    <description>
Radarr (0.2.0.596) is a fork of Sonarr to work with movies à la CouchPotato.
    </description>
    <disclaimer>
Keep it legal and carry on
    </disclaimer>
    <platform>all</platform>
    <news>
7:
- Update to 0.2.0.596

6:
- Update thoradia-libmediainfo to 0.7.94

5:
- Update to 0.2.0.535

4:
- Update to 0.2.0.375

3:
- Update to 0.2.0.238

2:
- Service after/requires multi-user.target network-online.target

1:
- Initial add-on
    </news>
    <assets>
      <icon>resources/icon.png</icon>
      <fanart>resources/fanart.png</fanart>

    </assets>
  </extension>
</addon>
