<?xml version="1.0" encoding="UTF-8" standalone="yes"?>
<addon id="service.nzbget"
       name="NZBGet"
       version="8.1.9"
       provider-name="thoradia">
  <requires>
    <import addon="os.libreelec.tv" version="8.0"/>
    <import addon="xbmc.python" version="2.1.0"/>

  </requires>
  <extension point="xbmc.service" library="default.py">
    <provides></provides>
  </extension>
  <extension point="xbmc.addon.metadata">
    <summary>NZBGet: efficient Usenet downloader</summary>
    <description>
NZBGet (18.1) is an efficient Usenet downloader
    </description>
    <disclaimer>
Keep it legal and carry on
    </disclaimer>
    <platform>all</platform>
    <news>
9:
- Update to 18.1

8:
- Update to 18.0

7:
- Service after/requires multi-user.target network-online.target

6:
- Rebuild

5:
- Remove add-on repository

4:
- Add p7zip
- Set MainDir to add-on home

3:
- Add unrar

2:
- Edit disclaimer

1:
- Initial add-on
    </news>
    <assets>
      <icon>resources/icon.png</icon>
      <fanart>resources/fanart.png</fanart>

    </assets>
  </extension>
</addon>
