<?xml version="1.0" encoding="UTF-8" standalone="yes"?>
<addon id="service.bazarr"
       name="Bazarr"
       version="9.80.2.0"
       provider-name="thoradia">
  <requires>
    <import addon="os.libreelec.tv" version="9.80"/>
    <import addon="xbmc.python" version="2.1.0"/>

  </requires>
  <extension point="xbmc.service" library="default.py">
    <provides></provides>
  </extension>
  <extension point="xbmc.addon.metadata">
    <summary>Bazarr has been removed</summary>
    <description>
Bazarr requires Python 2, which is out of support and no longer provided.
    </description>
    <disclaimer>
Keep it legal and carry on
    </disclaimer>
    <broken>
Bazarr has been removed
    </broken>
    <platform>all</platform>
    <news>

    </news>
    <assets>
      <icon>resources/icon.png</icon>
      <fanart>resources/fanart.png</fanart>

    </assets>
  </extension>
</addon>
