<?xml version="1.0" encoding="UTF-8" standalone="yes"?>
<addon id="service.jackett"
       name="Jackett"
       version="8.1.22"
       provider-name="thoradia">
  <requires>
    <import addon="os.libreelec.tv" version="8.0"/>
    <import addon="xbmc.python" version="2.1.0"/>

    <import addon="tools.mono" version="0.0.0" />
  </requires>
  <extension point="xbmc.service" library="default.py">
    <provides></provides>
  </extension>
  <extension point="xbmc.addon.metadata">
    <summary>Jackett: proxy to tracker sites</summary>
    <description>
Jackett (0.7.1437) works as a proxy server: it translates queries from applications (CouchPotato, Mylar, SickRage, Sonarr,  etc.) into tracker-site-specific HTTP queries, parses the HTML response, then sends results back to the requesting software. This allows for getting recent uploads (like RSS) and performing searches. Jackett is a single repository of maintained indexer scraping and translation logic, removing the burden from other applications.
    </description>
    <disclaimer>
Keep it legal and carry on
    </disclaimer>
    <platform>all</platform>
    <news>
22:
- Fix priority setting

21:
- Fix priority setting

20:
- Add priority setting

19:
- Update to 0.7.1437

18:
- Update to 0.7.1389

17:
- Update to 0.7.1256

16:
- Update to 0.7.1225

15:
- Update to 0.7.1167

14:
- Update to 0.7.1150

13:
- Update to 0.7.1138

12:
- Update to 0.7.1079

11:
- Update to 0.7.932

10:
- Service after/requires multi-user.target network-online.target

9:
- Update to 0.7.890

8:
- Update to 0.7.860

7:
- Update to 0.7.839

6:
- Update to 0.7.825

5:
- Update to 0.7.741

4:
- Update to 0.7.639

3:
- Remove add-on repository

2:
- Correct descriptions

1:
- Initial add-on
    </news>
    <assets>
      <icon>resources/icon.png</icon>
      <fanart>resources/fanart.png</fanart>

    </assets>
  </extension>
</addon>
