<?xml version="1.0" encoding="UTF-8" standalone="yes"?>
<addon id="service.headphones"
       name="Headphones"
       version="9.2.0.20"
       provider-name="thoradia">
  <requires>
    <import addon="os.libreelec.tv" version="9.1"/>
    <import addon="xbmc.python" version="2.1.0"/>

  </requires>
  <extension point="xbmc.service" library="default.py">
    <provides></provides>
  </extension>
  <extension point="xbmc.addon.metadata">
    <summary>Headphones: automated music downloader for NZB and Torrent</summary>
    <description>
Headphones (b45f3565da1759485b632493f295bab900df1e7e) is an automated music downloader for NZB and Torrent. It supports SABnzbd, NZBget, Transmission, µTorrent, Deluge and Blackhole.
    </description>
    <disclaimer>
Keep it legal and carry on
    </disclaimer>
    <platform>all</platform>
    <news>
20
- Update to b45f356

19
- Add port to settings
- Fix nice
- Rework Python

18
- Copy python_common in lib

17
- Rebuild

16
- Update to da9287d
- Update Python dependencies

15
- Update Python dependencies

14
- Update to 0c98085

13
- Rebuild

12
- Fix priority setting

11
- Fix priority setting

10
- Update to 8e1cd31
- Add priority setting

9
- Update Python dependencies

8
- Service after/requires multi-user.target network-online.target

7
- Remove strip_lto

6
- Add and update python dependencies

5
- Update to 0.5.18

4
- Update to 0.5.17

3
- Remove add-on repository

2
- Add PyOpenSSL

1
- Initial add-on
    </news>
    <assets>
      <icon>resources/icon.png</icon>
      <fanart>resources/fanart.png</fanart>

    </assets>
  </extension>
</addon>
