<?xml version="1.0" encoding="UTF-8" standalone="yes"?>
<addon id="service.rutorrent"
       name="ruTorrent"
       version="9.1.8"
       provider-name="thoradia">
  <requires>
    <import addon="xbmc.python" version="2.1.0"/>

    <import addon="service.rtorrent" version="0.0.0" />
  </requires>
  <extension point="xbmc.service" library="default.py">
    <provides></provides>
  </extension>
  <extension point="xbmc.addon.metadata">
    <summary>ruTorrent: web front-end for rTorrent</summary>
    <description>
ruTorrent (3.8) is a web front-end for rtorrent designed to emulate the look and feel of µTorrent web user interface.
    </description>
    <disclaimer>
Keep it legal and carry on
    </disclaimer>
    <platform>all</platform>
    <news>
8
- Update php to 7.2.5

7
- Update php to 7.1.11

6
- Update php to 7.1.9

5
- Build against static libcurl 7.54.0

4
- Update to 3.8

3
- Add mediainfo and unrar

2
- Fix description

1
- Initial add-on
    </news>
    <assets>
      <icon>resources/icon.png</icon>
      <fanart>resources/fanart.png</fanart>

    </assets>
  </extension>
</addon>
