<?xml version="1.0" encoding="UTF-8" standalone="yes"?>
<addon id="service.nzbget"
       name="NZBGet"
       version="7.0.6"
       provider-name="thoradia">
  <requires>
    <import addon="os.libreelec.tv" version="7.0"/>
    <import addon="xbmc.python" version="2.1.0"/>

  </requires>
  <extension point="xbmc.service" library="default.py">
    <provides></provides>
  </extension>
  <extension point="xbmc.addon.metadata">
    <summary>NZBGet: efficient Usenet downloader</summary>
    <description>
NZBGet (17.1) is an efficient Usenet downloader
    </description>
    <disclaimer>
Keep it legal and carry on
    </disclaimer>
    <platform>all</platform>
  </extension>
</addon>
