<?xml version="1.0" encoding="UTF-8" standalone="yes"?>
<addon id="service.radarr"
       name="Radarr"
       version="9.2.36"
       provider-name="thoradia">
  <requires>
    <import addon="xbmc.python" version="2.1.0"/>

    <import addon="virtual.thoradia-mono" version="0.0.0" />
  </requires>
  <extension point="xbmc.service" library="default.py">
    <provides></provides>
  </extension>
  <extension point="xbmc.addon.metadata">
    <summary>Radarr: a fork of Sonarr to work with movies à la CouchPotato</summary>
    <description>
Radarr is a fork of Sonarr to work with movies à la CouchPotato.
    </description>
    <disclaimer>
Keep it legal and carry on
    </disclaimer>
    <platform>all</platform>
    <news>
- Radarr bootstrap
    </news>
    <assets>
      <icon>resources/icon.png</icon>
      <fanart>resources/fanart.png</fanart>

    </assets>
  </extension>
</addon>
