<?xml version="1.0" encoding="UTF-8" standalone="yes"?>
<addon id="virtual.thoradia-mono"
       name="Thoradia Mono Tools"
       version="7.0.3"
       provider-name="thoradia">
  <requires>
    <import addon="os.libreelec.tv" version="7.0"/>
    <import addon="xbmc.python" version="2.1.0"/>

    <import addon="tools.mono" version="0.0.0" />
  </requires>
  <extension point="xbmc.python.script" library="default.py">
    <provides></provides>
  </extension>
  <extension point="xbmc.addon.metadata">
    <summary>Thoradia Mono Tools: a bundle of tools required by Mono add-ons</summary>
    <description>
Thoradia Mono Tools (3) includes thoradia_libmediainfo.
    </description>
    <disclaimer>
Keep it legal and carry on
    </disclaimer>
    <platform>all</platform>
  </extension>
</addon>
