<?xml version="1.0" encoding="UTF-8" standalone="yes"?>
<addon id="service.jackett"
       name="Jackett"
       version="8.0.3"
       provider-name="thoradia">
  <requires>
    <import addon="os.libreelec.tv" version="8.0"/>
    <import addon="xbmc.python" version="2.1.0"/>

    <import addon="tools.mono" version="0.0.0" />
  </requires>
  <extension point="xbmc.service" library="default.py">
    <provides></provides>
  </extension>
  <extension point="xbmc.addon.metadata">
    <summary>Jackett: proxy to tracker sites</summary>
    <description>
Jackett (0.7.570) works as a proxy server: it translates queries from applications (CouchPotato, Mylar, SickRage, Sonarr,  etc.) into tracker-site-specific HTTP queries, parses the HTML response, then sends results back to the requesting software. This allows for getting recent uploads (like RSS) and performing searches. Jackett is a single repository of maintained indexer scraping and translation logic, removing the burden from other applications.
    </description>
    <disclaimer>
Keep it legal and carry on
    </disclaimer>
    <platform>all</platform>
    <news>
3:
- Remove add-on repository

2:
- Correct descriptions

1:
- Initial add-on
    </news>
    <assets>
      <icon>resources/icon.png</icon>
      <fanart>resources/fanart.png</fanart>

    </assets>
  </extension>
</addon>
