<?xml version="1.0" encoding="UTF-8" standalone="yes"?>
<addon id="service.thoradia"
       name="Thoradia"
       version="0.0.0"
       provider-name="thoradia">
  <requires>
    <import addon="os.libreelec.tv" version="7.0"/>
    <import addon="xbmc.python" version="2.1.0"/>

  </requires>
  <extension point="xbmc.service" library="default.py">
    <provides></provides>
  </extension>
  <extension point="xbmc.addon.repository">
    <datadir>TBD</datadir>
    <info>TBD</info>
    <checksum>TBD</checksum>
  </extension>
  <extension point="xbmc.addon.metadata">
    <summary>Thoradia: add-on repository</summary>
    <description>
Thoradia (0) add-on repository.
    </description>
    <disclaimer>
Keep it legal and carry on
    </disclaimer>
    <platform>all</platform>
  </extension>
</addon>
