<?xml version="1.0" encoding="UTF-8" standalone="yes"?>
<addon id="service.qbittorrent"
       name="qBittorrent"
       version="9.80.8.35"
       provider-name="thoradia">
  <requires>
    <import addon="xbmc.python" version="3.0.0"/>

  </requires>
  <extension point="xbmc.service" library="default.py">
    <provides></provides>
  </extension>
  <extension point="xbmc.addon.metadata">
    <summary>qBittorrent: efficient feature complete C++ bittorrent implementation</summary>
    <description>
qBittorrent (4.3.2) is an efficient feature complete C++ bittorrent implementation.
    </description>
    <disclaimer>
Keep it legal and carry on
    </disclaimer>
    <platform>all</platform>
    <news>
- qBittorent version 4.3.2
    </news>
    <assets>
      <icon>resources/icon.png</icon>
      <fanart>resources/fanart.png</fanart>

    </assets>
  </extension>
</addon>
