<?xml version="1.0" encoding="UTF-8" standalone="yes"?>
<addon id="service.sonarr"
       name="Sonarr"
       version="9.1.27"
       provider-name="thoradia">
  <requires>
    <import addon="xbmc.python" version="2.1.0"/>

    <import addon="virtual.thoradia-mono" version="0.0.0" />
  </requires>
  <extension point="xbmc.service" library="default.py">
    <provides></provides>
  </extension>
  <extension point="xbmc.addon.metadata">
    <summary>Sonarr: a PVR for Usenet and BitTorrent users</summary>
    <description>
Sonarr (2.0.0.5301) is a PVR for Usenet and BitTorrent users. It can monitor multiple RSS feeds for new episodes of your favorite shows and will grab, sort and rename them. It can also be configured to automatically upgrade the quality of files already downloaded when a better quality format becomes available.
    </description>
    <disclaimer>
Keep it legal and carry on
    </disclaimer>
    <platform>all</platform>
    <news>
27
- Update to 2.0.0.5301
- Start after Kodi and Mono
- Cosmetic changes

26
- Update to 2.0.0.5252

25
- Update to 2.0.0.5153

24
- Update to 2.0.0.5085

23
- Update to 2.0.0.5054

22
- Update to 2.0.0.4949

21
- Update to 2.0.0.4855

20
- Rebuild

19
- Fix priority setting

18
- Fix priority setting

17
- Add priority setting

16
- Update to 2.0.0.4753

15
- Move thoradia-libmediainfo to virtual.thoradia-mono

14
- Update to 2.0.0.4689
- Update thoradia-libmediainfo to 0.7.94

13
- Update to 2.0.0.4645

12
- Update to 2.0.0.4613

11
- Service after/requires multi-user.target network-online.target

10
- Update to 2.0.0.4472

9
- Update to version 2.0.0.4427

8
- Rebuild

7
- Update to version 2.0.0.4409

6
- Remove add-on repository

5
- Update to version 2.0.0.4389

4
- Update to version 2.0.0.4374
- Edit disclaimer

3
- Move data to add-on home

2
- Update to version 2.0.0.4370

1
- Initial add-on
    </news>
    <assets>
      <icon>resources/icon.png</icon>
      <fanart>resources/fanart.png</fanart>

    </assets>
  </extension>
</addon>
