<?xml version="1.0" encoding="UTF-8" standalone="yes"?>
<addon id="service.radarr"
       name="Radarr"
       version="7.0.5"
       provider-name="thoradia">
  <requires>
    <import addon="os.libreelec.tv" version="7.0"/>
    <import addon="xbmc.python" version="2.1.0"/>

    <import addon="tools.mono" version="0.0.0" />
  </requires>
  <extension point="xbmc.service" library="default.py">
    <provides></provides>
  </extension>
  <extension point="xbmc.addon.metadata">
    <summary>Radarr: a fork of Sonarr to work with movies à la CouchPotato</summary>
    <description>
Radarr (0.2.0.535) is a fork of Sonarr to work with movies à la CouchPotato.
    </description>
    <disclaimer>
Keep it legal and carry on
    </disclaimer>
    <platform>all</platform>
  </extension>
</addon>
