<?xml version="1.0" encoding="UTF-8" standalone="yes"?>
<addon id="service.deluge"
       name="Deluge"
       version="8.1.8"
       provider-name="thoradia">
  <requires>
    <import addon="os.libreelec.tv" version="8.0"/>
    <import addon="xbmc.python" version="2.1.0"/>

  </requires>
  <extension point="xbmc.service" library="default.py">
    <provides></provides>
  </extension>
  <extension point="xbmc.addon.metadata">
    <summary>deluge (1.3.14) is a lightweight, free software, cross-platform BitTorrent client</summary>
    <description>

    </description>
    <disclaimer>
Keep it legal and carry on
    </disclaimer>
    <platform>all</platform>
    <news>
8:
- Update to 1.3.14
- Update Python dependencies

7:
- Update libtorrent-rasterbar to 1.0.11

6:
- Service after/requires multi-user.target network-online.target

5:
- Enable start daemon button
- Wait for DNS

4:
- Remove strip_lto

3:
- Update Python dependencies

2:
- Rebuild

1:
- Initial add-on
    </news>
    <assets>
      <icon>resources/icon.png</icon>
      <fanart>resources/fanart.png</fanart>

    </assets>
  </extension>
</addon>
