<?xml version="1.0" encoding="UTF-8" standalone="yes"?>
<addon id="service.transmission"
       name="Transmission"
       version="7.0.10"
       provider-name="thoradia">
  <requires>
    <import addon="os.libreelec.tv" version="7.0"/>
    <import addon="xbmc.python" version="2.1.0"/>

  </requires>
  <extension point="xbmc.service" library="default.py">
    <provides></provides>
  </extension>
  <extension point="xbmc.addon.metadata">
    <summary>Transmission: a fast, easy and free BitTorrent client</summary>
    <description>
Transmission (2.92) is a fast, easy and free BitTorrent client
    </description>
    <disclaimer>
Keep it legal and carry on
    </disclaimer>
    <platform>all</platform>
  </extension>
</addon>
