<?xml version="1.0" encoding="UTF-8" standalone="yes"?>
<addon id="virtual.thoradia-mono"
       name="Thoradia Mono Tools"
       version="9.2.0.10"
       provider-name="thoradia">
  <requires>
    <import addon="os.libreelec.tv" version="9.1"/>
    <import addon="xbmc.python" version="2.1.0"/>

    <import addon="tools.mono" version="0.0.0" />
  </requires>
  <extension point="xbmc.python.script" library="default.py">
    <provides></provides>
  </extension>
  <extension point="xbmc.addon.metadata">
    <summary>Thoradia Mono Tools: a bundle of tools required by Mono add-ons</summary>
    <description>
Thoradia Mono Tools (10) includes libmediainfo shared library.
    </description>
    <disclaimer>
Keep it legal and carry on
    </disclaimer>
    <platform>all</platform>
    <news>
10
- Update libmediainfo to 18.12

9
- Rebuild

8
- Fix libmediainfo

7
- Update libmediainfo to 17.12

6
- Update libmediainfo to 17.10

5
- Rebuild libmediainfo 0.7.99

4
- Update libmediainfo to 0.7.99

3
- Update libmediainfo to 0.7.96

2
- Update libmediainfo to 0.7.95

1
- Initial add-on
    </news>
    <assets>
      <icon>resources/icon.png</icon>
      <fanart>resources/fanart.png</fanart>

    </assets>
  </extension>
</addon>
