<?xml version="1.0" encoding="UTF-8" standalone="yes"?>
<addon id="service.couchpotato"
       name="CouchPotato"
       version="7.0.9"
       provider-name="thoradia">
  <requires>
    <import addon="os.libreelec.tv" version="7.0"/>
    <import addon="xbmc.python" version="2.1.0"/>

  </requires>
  <extension point="xbmc.service" library="default.py">
    <provides></provides>
  </extension>
  <extension point="xbmc.addon.metadata">
    <summary>CouchPotato: automatic movie downloading via Usenet and BitTorrent</summary>
    <description>
CouchPotato (b538f9a) downloads movies automatically, easily and in the best quality as soon as they are available
    </description>
    <disclaimer>
Keep it legal and carry on
    </disclaimer>
    <platform>all</platform>
  </extension>
</addon>
